{"learning_rate":0.239999920129776,"nscl_cdnv":1.2459313869476318,"scl_d_cdnv":0.6673194766044617,"nscl_loss":7.946038315693538,"_wandb":{"runtime":133},"_runtime":133,"dcl_cdnv":1.2418590784072876,"dcl_loss":7.953619331121445,"scl_nccc":0.09349999576807022,"scl_loss":8.176169236501059,"scl_cdnv":1.2324649095535278,"dcl_nccc":0.07129999995231628,"_timestamp":1.7564160386386638e+09,"nscl_d_cdnv":0.7691102623939514,"_step":0,"dcl_d_cdnv":0.7645102739334106,"epoch":0,"nscl_nccc":0.07199999690055847}