{"_wandb":{"runtime":1827},"nscl_cdnv":0.4198016822338104,"dcl_nccc":0.3044999837875366,"scl_d_cdnv":-0.9720134735107422,"learning_rate":1.1997913122177124,"scl_nccc":0.42289999127388,"nscl_loss":2.4684598048528037,"scl_p_value":0,"_step":2,"dcl_d_cdnv":-0.8311747312545776,"scl_rsa":-0.007114909123629332,"_timestamp":1.756419367684116e+09,"scl_cdnv":0.4376471936702728,"nscl_rsa":-0.005785784684121609,"nscl_p_value":0,"dcl_cdnv":0.43505457043647766,"epoch":20,"nscl_d_cdnv":-0.8384875059127808,"scl_loss":7.025697290897369,"_runtime":1827,"nscl_nccc":0.3109999895095825,"dcl_loss":2.5140760441621146}