{"scl_nccc":0.0681999996304512,"scl_d_cdnv":0.8228786587715149,"learning_rate":0.239999920129776,"dcl_d_cdnv":0.8816434741020203,"nscl_loss":7.915280361970265,"nscl_nccc":0.05339999869465828,"dcl_cdnv":1.315566062927246,"nscl_cdnv":1.3125399351119995,"scl_cdnv":1.297066330909729,"scl_loss":8.20453804731369,"dcl_loss":7.925948282082875,"nscl_d_cdnv":0.8843963742256165,"_step":0,"_wandb":{"runtime":87},"dcl_nccc":0.05609999969601631,"_runtime":87,"epoch":0,"_timestamp":1.7564165981536393e+09}