{"nscl_nccc":0.23149999976158142,"nscl_loss":3.44124998152256,"_wandb":{"runtime":727},"scl_cdnv":1.0105476379394531,"scl_d_cdnv":-0.7180774807929993,"epoch":10,"scl_loss":7.875888526439667,"_timestamp":1.7563540366445692e+09,"dcl_loss":3.5217980494101844,"_runtime":727,"_step":1,"dcl_nccc":0.21939998865127563,"learning_rate":1.199942708015442,"nscl_cdnv":0.5411516427993774,"nscl_d_cdnv":-0.6487938165664673,"dcl_d_cdnv":-0.6123716235160828,"scl_nccc":0.23979999125003815,"dcl_cdnv":0.5595904588699341}