{"_wandb":{"runtime":788},"epoch":10,"dcl_nccc":0.21570000052452087,"scl_d_cdnv":-0.6537964940071106,"dcl_loss":3.468907058238983,"learning_rate":1.199942708015442,"_step":1,"scl_nccc":0.22949999570846558,"nscl_d_cdnv":-0.6300395131111145,"scl_cdnv":1.0028986930847168,"dcl_cdnv":0.554597795009613,"_runtime":788,"scl_loss":7.8855575025081635,"nscl_cdnv":0.543716311454773,"nscl_loss":3.4410320967435837,"nscl_nccc":0.22259999811649323,"_timestamp":1.756415772325567e+09,"dcl_d_cdnv":-0.6015415787696838}