{"nscl_loss":7.90078987677892,"epoch":0,"ssl_d_cdnv":0.9003284573554993,"_runtime":122,"_timestamp":1.7562285178004496e+09,"ssl_nccc":0.056599996984004974,"nscl_d_cdnv":0.9070892333984375,"_wandb":{"runtime":122},"ssl_cdnv":1.325705647468567,"nscl_cdnv":1.327309250831604,"_step":0,"learning_rate":0.239999920129776,"nscl_nccc":0.05289999768137932,"ssl_loss":7.915035357077916}