{"scl_d_cdnv":-0.9223114252090454,"dcl_d_cdnv":-1.063100814819336,"scl_p_value":2.338780018691256e-70,"dcl_loss":1.4125075712800026,"dcl_cdnv":0.3091071546077728,"nscl_d_cdnv":-1.0446171760559082,"scl_nccc":0.7076999545097351,"_step":25,"scl_cka":0.0015979051822796464,"dcl_nccc":0.4952999949455261,"_runtime":15910,"scl_cdnv":0.08699260652065277,"learning_rate":1.1704238653182983,"scl_rsa":-0.002507978118956089,"_timestamp":1.7564358090688138e+09,"epoch":250,"nscl_p_value":1.4545359548896459e-192,"_wandb":{"runtime":15910},"nscl_rsa":0.004186413250863552,"nscl_loss":1.3277239923675854,"nscl_nccc":0.5450999736785889,"scl_loss":4.3330954511960345,"nscl_cka":0.005648655816912651,"nscl_cdnv":0.21145637333393097}